{
  "cuda_gwo": {
    "hypervolume": 0.862101,
    "GD": 163.8416,
    "IGD": 494.186,
    "spacing": 0.0,
    "pareto_size": 1,
    "best_f1": 45.875,
    "best_f2": 0.311,
    "best_f3": 2501.165,
    "runtime_s": 26.239,
    "n_evals": 0,
    "final_hv_iter": 6814.049599758324,
    "hypervolume_improvement_%": -69.96,
    "IGD_improvement_%": -0.0,
    "best_f1_improvement_%": 0.17
  },
  "cpu_gwo": {
    "hypervolume": 0.50724,
    "GD": 0.0,
    "IGD": 494.1816,
    "spacing": 0.0,
    "pareto_size": 1,
    "best_f1": 45.954,
    "best_f2": 0.27,
    "best_f3": 3098.835,
    "runtime_s": 26.045,
    "n_evals": 0,
    "final_hv_iter": 4390.372091925167
  },
  "pso": {
    "hypervolume": 0.50724,
    "GD": 0.0,
    "IGD": 494.1816,
    "spacing": 0.0,
    "pareto_size": 1,
    "best_f1": 45.954,
    "best_f2": 0.27,
    "best_f3": 3098.835,
    "runtime_s": 23.014,
    "n_evals": 0,
    "final_hv_iter": 4467.044003252325
  },
  "ga": {
    "hypervolume": 13.366571,
    "GD": 0.0,
    "IGD": 494.1836,
    "spacing": 0.0,
    "pareto_size": 1,
    "best_f1": 43.178,
    "best_f2": 0.283,
    "best_f3": 2337.346,
    "runtime_s": 30.938,
    "n_evals": 0,
    "final_hv_iter": 3461.4838082768656
  },
  "aco": {
    "hypervolume": 23.190623,
    "GD": 0.0,
    "IGD": 721.0527,
    "spacing": 0.0,
    "pareto_size": 1,
    "best_f1": 44.905,
    "best_f2": 0.283,
    "best_f3": 1883.603,
    "runtime_s": 32.888,
    "n_evals": 0,
    "final_hv_iter": 2798.092546839619
  }
}